"Date","Hour","Active followers"
"26 de septiembre","0","12"
"26 de septiembre","1","8"
"26 de septiembre","2","11"
"26 de septiembre","3","10"
"26 de septiembre","4","12"
"26 de septiembre","5","12"
"26 de septiembre","6","8"
"26 de septiembre","7","8"
"26 de septiembre","8","12"
"26 de septiembre","9","19"
"26 de septiembre","10","33"
"26 de septiembre","11","24"
"26 de septiembre","12","23"
"26 de septiembre","13","28"
"26 de septiembre","14","21"
"26 de septiembre","15","27"
"26 de septiembre","16","26"
"26 de septiembre","17","26"
"26 de septiembre","18","28"
"26 de septiembre","19","28"
"26 de septiembre","20","25"
"26 de septiembre","21","30"
"26 de septiembre","22","24"
"26 de septiembre","23","24"
"27 de septiembre","0","22"
"27 de septiembre","1","15"
"27 de septiembre","2","11"
"27 de septiembre","3","7"
"27 de septiembre","4","7"
"27 de septiembre","5","9"
"27 de septiembre","6","11"
"27 de septiembre","7","15"
"27 de septiembre","8","16"
"27 de septiembre","9","21"
"27 de septiembre","10","31"
"27 de septiembre","11","36"
"27 de septiembre","12","31"
"27 de septiembre","13","37"
"27 de septiembre","14","36"
"27 de septiembre","15","33"
"27 de septiembre","16","29"
"27 de septiembre","17","35"
"27 de septiembre","18","34"
"27 de septiembre","19","39"
"27 de septiembre","20","34"
"27 de septiembre","21","29"
"27 de septiembre","22","37"
"27 de septiembre","23","36"
"28 de septiembre","0","23"
"28 de septiembre","1","19"
"28 de septiembre","2","13"
"28 de septiembre","3","13"
"28 de septiembre","4","11"
"28 de septiembre","5","15"
"28 de septiembre","6","16"
"28 de septiembre","7","17"
"28 de septiembre","8","31"
"28 de septiembre","9","21"
"28 de septiembre","10","28"
"28 de septiembre","11","26"
"28 de septiembre","12","39"
"28 de septiembre","13","25"
"28 de septiembre","14","29"
"28 de septiembre","15","31"
"28 de septiembre","16","29"
"28 de septiembre","17","29"
"28 de septiembre","18","36"
"28 de septiembre","19","38"
"28 de septiembre","20","34"
"28 de septiembre","21","38"
"28 de septiembre","22","36"
"28 de septiembre","23","34"
"29 de septiembre","0","24"
"29 de septiembre","1","14"
"29 de septiembre","2","12"
"29 de septiembre","3","8"
"29 de septiembre","4","10"
"29 de septiembre","5","15"
"29 de septiembre","6","16"
"29 de septiembre","7","23"
"29 de septiembre","8","29"
"29 de septiembre","9","26"
"29 de septiembre","10","24"
"29 de septiembre","11","27"
"29 de septiembre","12","31"
"29 de septiembre","13","43"
"29 de septiembre","14","50"
"29 de septiembre","15","40"
"29 de septiembre","16","33"
"29 de septiembre","17","37"
"29 de septiembre","18","35"
"29 de septiembre","19","45"
"29 de septiembre","20","38"
"29 de septiembre","21","36"
"29 de septiembre","22","37"
"29 de septiembre","23","40"
"30 de septiembre","0","29"
"30 de septiembre","1","17"
"30 de septiembre","2","10"
"30 de septiembre","3","14"
"30 de septiembre","4","11"
"30 de septiembre","5","14"
"30 de septiembre","6","10"
"30 de septiembre","7","24"
"30 de septiembre","8","29"
"30 de septiembre","9","34"
"30 de septiembre","10","27"
"30 de septiembre","11","26"
"30 de septiembre","12","34"
"30 de septiembre","13","37"
"30 de septiembre","14","38"
"30 de septiembre","15","40"
"30 de septiembre","16","40"
"30 de septiembre","17","34"
"30 de septiembre","18","29"
"30 de septiembre","19","41"
"30 de septiembre","20","38"
"30 de septiembre","21","42"
"30 de septiembre","22","41"
"30 de septiembre","23","34"
"1 de octubre","0","30"
"1 de octubre","1","17"
"1 de octubre","2","13"
"1 de octubre","3","15"
"1 de octubre","4","8"
"1 de octubre","5","13"
"1 de octubre","6","18"
"1 de octubre","7","25"
"1 de octubre","8","27"
"1 de octubre","9","26"
"1 de octubre","10","28"
"1 de octubre","11","28"
"1 de octubre","12","32"
"1 de octubre","13","39"
"1 de octubre","14","38"
"1 de octubre","15","42"
"1 de octubre","16","36"
"1 de octubre","17","40"
"1 de octubre","18","42"
"1 de octubre","19","42"
"1 de octubre","20","43"
"1 de octubre","21","42"
"1 de octubre","22","38"
"1 de octubre","23","38"
"2 de octubre","0","31"
"2 de octubre","1","21"
"2 de octubre","2","0"
"2 de octubre","3","0"
"2 de octubre","4","0"
"2 de octubre","5","0"
"2 de octubre","6","0"
"2 de octubre","7","0"
"2 de octubre","8","0"
"2 de octubre","9","0"
"2 de octubre","10","0"
"2 de octubre","11","0"
"2 de octubre","12","0"
"2 de octubre","13","0"
"2 de octubre","14","0"
"2 de octubre","15","0"
"2 de octubre","16","0"
"2 de octubre","17","0"
"2 de octubre","18","0"
"2 de octubre","19","0"
"2 de octubre","20","0"
"2 de octubre","21","0"
"2 de octubre","22","0"
"2 de octubre","23","0"