"Date","Followers","Difference in followers from previous day"
"31 de agosto","0","0"
"1 de septiembre","0","0"
"2 de septiembre","11","11"
"3 de septiembre","10","-1"
"4 de septiembre","10","0"
"5 de septiembre","10","0"
"6 de septiembre","13","3"
"7 de septiembre","13","0"
"8 de septiembre","13","0"
"9 de septiembre","13","0"
"10 de septiembre","13","0"
"11 de septiembre","13","0"
"12 de septiembre","14","1"
"13 de septiembre","14","0"
"14 de septiembre","14","0"
"15 de septiembre","14","0"
"16 de septiembre","14","0"
"17 de septiembre","15","1"
"18 de septiembre","15","0"
"19 de septiembre","36","21"
"20 de septiembre","44","8"
"21 de septiembre","50","6"
"22 de septiembre","51","1"
"23 de septiembre","52","1"
"24 de septiembre","51","-1"
"25 de septiembre","51","0"
"26 de septiembre","72","21"
"27 de septiembre","90","18"