"Date","Total Viewers","New Viewers","Returning Viewers"
"5 de septiembre","10","9","1"
"6 de septiembre","483","457","26"
"7 de septiembre","2169","2115","54"
"8 de septiembre","1884","1816","68"
"9 de septiembre","229","198","31"
"10 de septiembre","3","1","2"
"11 de septiembre","3","3","0"
"12 de septiembre","767","681","86"
"13 de septiembre","1200","968","232"
"14 de septiembre","266","201","65"
"15 de septiembre","310","222","88"
"16 de septiembre","762","583","179"
"17 de septiembre","417","345","72"
"18 de septiembre","244","144","100"
"19 de septiembre","458","326","132"
"20 de septiembre","623","487","136"
"21 de septiembre","624","427","197"
"22 de septiembre","738","474","264"
"23 de septiembre","816","557","259"
"24 de septiembre","871","606","265"
"25 de septiembre","465","319","146"
"26 de septiembre","518","404","114"
"27 de septiembre","1273","952","321"
"28 de septiembre","771","492","279"
"29 de septiembre","341","172","169"
"30 de septiembre","946","574","372"
"1 de octubre","472","295","177"
"2 de octubre","undefined","0","0"